{"Subject 3": [[0, 10.112344326999999], [0.05, 7.566084515], [0.1, 8.190797997999997], [0.15, 8.675549558999997], [0.2, 7.523932988000006], [0.25, 9.174167222000001], [0.3, 8.726239149999998], [0.35, 8.747451909000006], [0.4, 7.931406917999993], [0.45, 7.808097278999995], [0.5, 9.655583946000007], [0.55, 10.566734875999998], [0.6, 9.032401969999995], [0.65, 10.563533268], [0.7, 11.442334249999988], [0.75, 12.901980204000012], [0.8, 15.160954164999993], [0.85, 14.107147077999997], [0.9, 21.414350764000005], [0.95, 26.027598624999996], [0.99, 46.03463790800001], [0.9999, 42.89749078699998], [0.999999, 47.71373840199999], [1, 51.431237114]], "Subject 1": [[0, 8.585834385999988], [0.05, 7.39282922000001], [0.1, 7.814460756000017], [0.15, 8.76200294399996], [0.2, 8.077835333999985], [0.25, 8.940749574999984], [0.3, 7.974176001999979], [0.35, 8.372925045999978], [0.4, 9.292858518000003], [0.45, 9.356080571999996], [0.5, 11.031987775999994], [0.55, 10.783043742000018], [0.6, 10.740022477000025], [0.65, 10.30938414000002], [0.7, 13.304829139999924], [0.75, 12.60643379499993], [0.8, 17.225502006999932], [0.85, 15.579599790999964], [0.9, 19.589633330000083], [0.95, 31.29559909200009], [0.99, 44.53220016799992], [0.9999, 61.193875179999964], [0.999999, 62.23231508699996], [1, 65.92106140400006]], "Subject 2": [[0, 8.719834880000008], [0.05, 8.958124941000051], [0.1, 10.608430231999932], [0.15, 9.205154519000075], [0.2, 9.185269973000004], [0.25, 8.835357496000029], [0.3, 8.818475777000003], [0.35, 10.55329235299996], [0.4, 9.76867779700001], [0.45, 10.509196052999982], [0.5, 10.385194977000083], [0.55, 10.955934022000065], [0.6, 11.680411704999983], [0.65, 14.537486484000055], [0.7, 12.987323798000034], [0.75, 13.309196581999913], [0.8, 16.284943725999938], [0.85, 17.836759196000003], [0.9, 25.306560938000075], [0.95, 35.47317825699997], [0.99, 48.84823309300009], [0.9999, 60.64912112700017], [0.999999, 46.230931084000076], [1, 53.84093159299982]]}