{"Subject 3": [[1, 35.47638949402608], [0.95, 34.3886682119919], [0.9, 35.52640688500833], [0.85, 33.56031712901313], [0.8, 35.25544241099851], [0.75, 35.51855894800974], [0.7, 36.653319366974756], [0.65, 35.18123373697745], [0.6, 34.81206944200676], [0.55, 38.54658618097892], [0.5, 37.93481847003568], [0.45, 38.005097750981804], [0.4, 40.36776519700652], [0.35, 40.550433174008504], [0.3, 41.146933746000286], [0.25, 40.06758615496801], [0.2, 43.70818044996122], [0.15, 44.98122492199764], [0.1, 47.60558867495274], [0.05, 57.77871849498479], [0.04, 58.61735271901125], [0.03, 61.36650975298835], [0.02, 62.57119855901692], [0.01, 66.33847527601756], [0, 69.63676276302431]], "Subject 1": [[1, 30.058523543993942], [0.95, 28.5433128659497], [0.9, 27.711672087025363], [0.85, 27.42868950398406], [0.8, 30.26185358996736], [0.75, 28.44092925701989], [0.7, 29.620125896006357], [0.65, 31.302213613002095], [0.6, 29.46068187901983], [0.55, 31.117611974012107], [0.5, 31.541658834030386], [0.45, 32.66207087901421], [0.4, 34.02728862199001], [0.35, 35.67007804597961], [0.3, 37.43723840697203], [0.25, 36.6095657129772], [0.2, 43.33231591497315], [0.15, 43.2690904319752], [0.1, 47.16450180398533], [0.05, 54.88532027503243], [0.04, 56.17996893601958], [0.03, 55.555992366047576], [0.02, 63.408945097995456], [0.01, 65.72181358397938], [0, 72.56591733801179]], "Subject 2": [[1, 27.75184631702723], [0.95, 26.724249516031705], [0.9, 27.442959128995426], [0.85, 27.305351858958602], [0.8, 28.063991122005973], [0.75, 28.23008888500044], [0.7, 29.13523062603781], [0.65, 28.508143662009388], [0.6, 28.02270228601992], [0.55, 30.227622959006112], [0.5, 31.8272237139754], [0.45, 32.23003839200828], [0.4, 33.025921366002876], [0.35, 35.73060843796702], [0.3, 34.10657261701999], [0.25, 35.51199395302683], [0.2, 37.14357715897495], [0.15, 40.82745803199941], [0.1, 48.13815843401244], [0.05, 52.503087171004154], [0.04, 55.16035921697039], [0.03, 56.14414903300349], [0.02, 59.686982158978935], [0.01, 64.25872124300804], [0, 69.00820431602187]]}