{"Subject 3": [[0, 79.70614056000001], [0.05, 81.099650063], [0.1, 81.966047403], [0.15, 82.31318372500002], [0.2, 87.624932027], [0.25, 86.10649708099999], [0.3, 90.02405777899997], [0.35, 90.3752115530001], [0.4, 89.01568868599998], [0.45, 89.99198692300001], [0.5, 95.0184363809999], [0.55, 97.28923299799999], [0.6, 101.16951701199991], [0.65, 106.99097676600013], [0.7, 114.77763788700008], [0.75, 129.82520118999992], [0.8, 136.174682415], [0.85, 157.8245608929999], [0.9, 190.3029493019999], [0.95, 271.143975983], [0.99, 435.57789010299985], [0.9999, 521.426477043], [0.999999, 580.774470032], [1, 567.074206712]], "Subject 1": [[0, 79.84727328999998], [0.05, 81.53575765200003], [0.1, 80.341086937], [0.15, 82.63985796199995], [0.2, 83.92391029700048], [0.25, 89.10712576200058], [0.3, 86.83903157299937], [0.35, 92.17870534799931], [0.4, 95.83372375599993], [0.45, 92.89851239899963], [0.5, 102.20150805799949], [0.55, 107.23835742199935], [0.6, 105.2997999119998], [0.65, 113.49408896800014], [0.7, 135.18641454800036], [0.75, 131.5801929879999], [0.8, 153.71028577299967], [0.85, 173.09206105000067], [0.9, 222.9756180330005], [0.95, 280.42651625000053], [0.99, 458.7014792969994], [0.9999, 558.4030947240008], [0.999999, 516.8965209310009], [1, 553.002460742]], "Subject 2": [[0, 91.36683651000021], [0.05, 90.72633258300084], [0.1, 93.41258601300069], [0.15, 91.6610183039993], [0.2, 95.0191476430009], [0.25, 99.10483442999976], [0.3, 102.04811760099983], [0.35, 98.71471656799986], [0.4, 104.53496558000006], [0.45, 112.82212041100138], [0.5, 113.56411969500004], [0.55, 114.11152425399996], [0.6, 116.36506699299935], [0.65, 129.1464478350008], [0.7, 142.4139405700007], [0.75, 153.91473590299938], [0.8, 172.08159330300077], [0.85, 201.80554502800078], [0.9, 258.99862294000013], [0.95, 330.65932439899916], [0.99, 486.9194312439995], [0.9999, 575.6103727379996], [0.999999, 582.2696193049997], [1, 555.3935389879989]]}