{"subject_3": [[1, 143.55948133103084], [0.95, 153.8836932699778], [0.9, 152.25725599599537], [0.85, 163.36860280897235], [0.8, 166.71193250699434], [0.75, 165.0321205049986], [0.7, 181.90928220801288], [0.65, 176.44515381299425], [0.6, 181.6087933619856], [0.55, 192.52070607803762], [0.5, 204.32692598702852], [0.45, 208.23875321203377], [0.4, 243.50086341501446], [0.35, 267.1537730830023], [0.3, 265.29958681896096], [0.25, 309.69086430198513], [0.2, 405.38485029002186], [0.15, 455.3349406510242], [0.1, 672.952920731972], [0.05, 1000.0005461769761], [0.04, 1000.001051824016], [0.03, 1000.0005456500221], [0.02, 1000.0008351160213], [0.01, 1000.0003727249568], [0, 1000.0005343079683]], "subject_1": [[1, 184.33226610999554], [0.95, 186.63040784501936], [0.9, 191.61552410497097], [0.85, 196.5654211450019], [0.8, 199.27381132199662], [0.75, 208.2925174999982], [0.7, 220.41516606596997], [0.65, 215.2996603139909], [0.6, 216.09190136403777], [0.55, 238.37541481101653], [0.5, 240.86547778901877], [0.45, 274.44621867500246], [0.4, 268.9974093899946], [0.35, 323.0654793489957], [0.3, 333.3773497509537], [0.25, 380.36883357400075], [0.2, 460.9602279260289], [0.15, 579.4749552899739], [0.1, 777.8832511960063], [0.05, 1000.0013942479854], [0.04, 1000.0006327339215], [0.03, 1000.0005381789524], [0.02, 1000.0003061429597], [0.01, 1000.0023389499402], [0, 1000.0005161509616]], "subject_2": [[1, 296.5310780069558], [0.95, 287.2448780729901], [0.9, 279.8750967649976], [0.85, 306.0241059679538], [0.8, 308.14677429397125], [0.75, 308.02336888900027], [0.7, 309.77971529692877], [0.65, 334.23374752991367], [0.6, 359.7447921180865], [0.55, 375.4148291290039], [0.5, 383.9190989159979], [0.45, 411.4919621319277], [0.4, 421.05610027501825], [0.35, 472.05699951096904], [0.3, 537.4205823190277], [0.25, 591.5965685480041], [0.2, 690.7763433910441], [0.15, 882.7124356590211], [0.1, 1000.000922161038], [0.05, 1000.0006783499848], [0.04, 1000.0002025340218], [0.03, 1000.0002321989741], [0.02, 1000.001435863087], [0.01, 1000.0002588139614], [0, 1000.000105194049]]}