{"subject_3": [[0, 111.51315240699999], [0.05, 111.40369855999998], [0.1, 113.46578490500002], [0.15, 116.42365554399998], [0.2, 108.20198417299997], [0.25, 115.90358602499998], [0.3, 118.57140168699993], [0.35, 115.02290803799997], [0.4, 122.89597834299991], [0.45, 125.6221296939998], [0.5, 138.91044924400012], [0.55, 143.75130400199987], [0.6, 154.66232784399995], [0.65, 158.04920110399985], [0.7, 151.14574053899992], [0.75, 176.42121817099996], [0.8, 203.8688255709999], [0.85, 236.156341419], [0.9, 314.78965961099993], [0.95, 558.4067504279997], [0.99, 1000.0013153150003], [0.9999, 1000.0486449519994], [0.999999, 1000.0095738680002], [1, 1000.0009175630003]], "subject_1": [[0, 121.86233799500042], [0.05, 120.41444122299981], [0.1, 119.3162109470004], [0.15, 116.55392424799993], [0.2, 126.7871433349992], [0.25, 126.40999256699979], [0.3, 124.68613988400011], [0.35, 126.98688125099943], [0.4, 133.7927142740009], [0.45, 135.4689598549994], [0.5, 140.93374491800023], [0.55, 152.5928029280003], [0.6, 152.79950951499995], [0.65, 159.77633235800022], [0.7, 177.7922466330001], [0.75, 186.57795947399973], [0.8, 216.4868624440005], [0.85, 236.63486438499967], [0.9, 334.62827669499893], [0.95, 575.5324233049996], [0.99, 1000.003331463], [0.9999, 1000.0018576530001], [0.999999, 1000.0133231190011], [1, 1000.0037259660003]], "subject_2": [[0, 125.16875729899948], [0.05, 144.76356121999925], [0.1, 139.48782895799923], [0.15, 137.51972262900017], [0.2, 133.6938870949998], [0.25, 142.31924600999992], [0.3, 143.41875442499986], [0.35, 144.87103126200054], [0.4, 145.75995062400034], [0.45, 148.44133046499883], [0.5, 171.7913596340004], [0.55, 166.37443322999752], [0.6, 189.38949139399847], [0.65, 175.6012418270002], [0.7, 201.87711914399915], [0.75, 211.16784977699717], [0.8, 241.80709576400113], [0.85, 314.37275980399863], [0.9, 377.7346465920018], [0.95, 646.1977348569999], [0.99, 1000.0051987490006], [0.9999, 1000.0031373940001], [0.999999, 1000.0018374020001], [1, 1000.0075597249997]]}